{"stat.chestOpened":7,"stat.mineBlock.tfc.thatch":3,"stat.pickup.mysticalmechanics.gear_gold_off":64,"stat.walkOneCm":126668,"stat.useItem.tfc.firestarter":6,"stat.useItem.immersiveengineering.tool":6,"stat.pickup.minecraft.stick":130,"stat.leaveGame":7,"stat.pickup.thermalfoundation.material":1,"stat.useItem.tfc.thatch":2,"stat.pickup.rustichromia.dust_wood":130,"stat.pickup.rustichromia.cotton":9,"stat.pickup.tfc.thatch":3,"stat.useItem.tfc.metal/hoe/black_bronze":2,"stat.pickup.mysticalmechanics.gear_iron":5,"stat.jump":407,"stat.fallOneCm":418,"stat.pickup.mysticalmechanics.gear_gold_on":66,"stat.pickup.rustichromia.cotton_seed":256,"stat.crouchOneCm":11096,"stat.useItem.rustichromia.cotton_seed":1,"stat.pickup.minecraft.dirt":2,"stat.sprintOneCm":14457,"stat.useItem.minecraft.stone_slab2":298,"stat.drop.rustichromia.cotton":2,"stat.useItem.enderio.item_yeta_wrench":27,"stat.drop.rustichromia.cotton_wool":64,"stat.pickup.rustic.grapes":112,"stat.useItem.enderio.item_liquid_conduit":4,"stat.pickup.mysticalmechanics.gearbox_frame":1,"stat.craftItem.tfc.thatch":3,"stat.flyOneCm":26638,"stat.drop":4,"stat.playOneMinute":76668,"stat.sneakTime":6622,"stat.pickup.rustichromia.cotton_wool":384,"stat.useItem.immersiveengineering.metal_device0":2,"stat.useItem.immersiveengineering.metal_device1":4,"stat.timeSinceDeath":76668,"stat.drop.minecraft.torch":1,"stat.mineBlock.minecraft.dirt":1}